{
  "postproc": {
    "score_thr": 0.001,
    "nms_iou": 0.5,
    "min_size_px": 0
  },
  "simple_PRF1": {
    "precision": 0.02300184001830351,
    "recall": 0.8592925503099857,
    "F1": 0.04480434192445884,
    "TP": 42828,
    "FP": 1819110,
    "FN": 7013,
    "detections": 1861938
  },
  "coco": {
    "AP": 0.0401379816776389,
    "AP50": 0.13049675249424592,
    "AP75": 0.015519944423960258,
    "AP_small": 0.003937788758458487,
    "AP_medium": 0.022684039665661362,
    "AP_large": 0.0755875740263741,
    "AR_1": 0.02666880680564194,
    "AR_10": 0.20994763347444872,
    "AR_100": 0.35576533376136116,
    "AR_small": 0.13643432379894474,
    "AR_medium": 0.33805818527644493,
    "AR_large": 0.4576265109608686
  }
}